Date,Bordeaux Legends 40,Burgundy 150,California 50,Champagne 50,Italy 100,Left Bank 200,Liv-ex Bordeaux 500,Liv-ex Fine Wine 100,Liv-ex Fine Wine 1000,Liv-ex Fine Wine 50,Liv-ex Fine Wine Investables,Rest of the World 60,Rhone 100,Right Bank 100,Right Bank 50,Sauternes 50,Second Wine 50
31/12/2003,100,100,100,100,100,100,100,100,100,100,100,100,100,100,100,100,100
31/01/2004,101.69,101.75,100.3,101.75,99.51,97.07,98.79,100.41,100.07,98.68,101.17,96.15,101.38,96.05,100.68,97.72,99.85
29/02/2004,101.21,100.17,100.5,103.12,99.41,95.93,98.32,100.03,99.27,98.53,100.38,94.49,97.12,95.25,100.38,97.62,100.52
31/03/2004,100.8,102.36,100.6,102.03,99.88,98.06,100.25,99.62,100.55,99.48,100.34,96.82,100.36,101.21,101.11,99.46,102.52
30/04/2004,102.36,103.26,99.1,102.84,99.08,97.03,100.38,98.4,101.03,97.62,99.62,96.34,100.93,97.59,104.43,98.64,101.45
31/05/2004,102.1,102.49,98.8,104.29,99.64,95.86,99.38,98.02,100.58,97.29,99.11,96.92,99.96,95,103.94,95.09,101.91
30/06/2004,103.25,100.91,99.2,105.2,101.32,96.64,100.15,99.81,101.23,98.77,100.19,97.53,101.2,96.62,104.26,95.47,101.62
31/07/2004,102.28,99.98,95.4,105.87,100.12,96.46,100.9,97.56,100.78,96.45,99.15,96.47,100.87,94.28,106.18,97.64,101.1
31/08/2004,102.14,104.9,95.4,104.29,100.18,95.79,100.96,97.12,101.4,97.69,98.55,95.85,102,94.26,106.1,96.29,101.9
30/09/2004,101.67,106.19,95.3,106.55,99.68,95.68,100.74,96.97,101.37,97.56,98.49,96.16,100.57,93.01,106.42,96.46,100.19
31/10/2004,100.43,104.62,95.7,111.07,99.35,95.14,99.69,97.03,100.74,97.75,98.43,95.53,102.04,91.87,104.55,95.22,100.45
30/11/2004,102.2,106.31,99.4,112.33,98.98,96.19,101.9,96.46,102.44,97.13,98.7,99.25,102.22,95.8,107.43,99.17,102.88
31/12/2004,103.01,108.17,99.8,113.88,98.22,99.54,102.96,97.87,103.41,98.65,99.12,98.62,104.75,96.67,107.66,98.42,102.51
31/01/2005,102.61,106.64,109.8,117.36,108.93,98.61,104.63,97.87,105.14,100.13,99.51,103.16,103.47,96.5,110.57,100.17,113.01
28/02/2005,101.45,107.52,105.5,117.18,109.81,98.77,103.53,98.91,104.61,100.95,100.76,102.28,103.48,97.55,107.06,103.53,110.86
31/03/2005,102.7,106.21,110.6,120.99,107.03,97.74,101.96,99.93,103.89,99.16,100.99,99.61,103.81,94.04,106.33,98.95,109.47
30/04/2005,104.84,105.59,108.8,120.57,108.07,98.88,104.54,100.53,105.6,99.6,101.52,102.66,105.05,94.39,111.62,100.44,108.05
31/05/2005,105.66,105.62,109.5,120.85,107.16,98.72,104.27,101.4,105.3,99.97,102.94,99.11,103.57,95.11,110.58,99.62,107.48
30/06/2005,105.84,106.48,107.3,122.5,104.95,96.68,103.46,101.08,105.25,99.49,102.88,101.91,104.77,91.85,111.24,98.59,107.01
31/07/2005,106.33,105.76,107.4,120.62,106.49,97.86,103.93,102.19,105.33,100.06,103.46,98.88,105.19,95.5,109.82,100.81,108.35
31/08/2005,110.03,103.69,106.6,120.44,104.83,98.05,105.01,105.45,105.93,102.38,106.58,99.48,101.8,94.69,111.46,102.24,108.2
30/09/2005,112.05,109.28,99.1,125.53,115.12,100.01,107.05,106.12,109.32,104.39,107.24,100.59,103.94,95.99,114.01,102.95,112.33
31/10/2005,117.51,110.41,99,125.67,114.15,100.11,107.83,111.88,110.78,106.86,111.79,99.23,104.48,93.98,116.57,97.21,111.44
30/11/2005,120.7,108.15,102.7,126.32,112.18,100.65,109.91,114.18,112.14,108.29,113.36,103.81,104.73,95.48,119.68,100.1,112.84
31/12/2005,119.28,109.57,102.9,128.41,111.97,101.57,110.45,115.09,112.38,108.34,113.38,104.43,104.88,95.51,120.71,98.75,113.49
31/01/2006,128.35,108.11,104.8,129.31,110.48,102.06,113.12,118.28,114.97,111.52,115.53,103.38,104.89,95.3,125.19,102.46,114.3
28/02/2006,134.26,108.4,106.2,130.18,110.04,102.54,115.43,122.48,117.03,114.12,119.07,101.41,104.8,96,129.8,97.83,118.81
31/03/2006,137.43,111.81,101.8,131.63,111.77,102.18,115,127.38,118.43,116.61,122.95,103.19,107.05,94.58,128.37,101.12,116.97
30/04/2006,142.81,113.51,103.5,132.18,113.77,106.49,119.59,132.72,121.74,120.67,125.48,101.73,108.02,98.54,133.33,104.15,121.83
31/05/2006,152.23,115.9,105.1,136.15,112.8,105.3,122.51,141.42,125.28,128.83,133.65,102.08,106.93,97.21,138.94,101.5,121.49
30/06/2006,158.53,115.37,103.5,135.98,113.71,109.07,127.7,154.87,128.71,143.82,142.38,101.61,109.19,97.91,143.03,105.41,121.87
31/07/2006,167.77,119.04,101.1,137.13,113.84,111.17,134.57,161.94,133.88,149.31,148.13,103.24,107.96,98.66,155.44,106.99,129.42
31/08/2006,171.54,122.4,111.7,140.34,115.72,109.96,134.84,164.23,135.75,150.73,151.09,104.9,109.68,98.31,157.08,101.89,133.39
30/09/2006,172.64,123.22,112.7,141.31,115.94,111.19,136.81,161.63,137.13,151.59,149.93,105.18,112.08,99.35,160.03,103.34,134.82
31/10/2006,178.1,126.75,115.2,149.62,114.14,114.48,140.68,165.45,140.71,154.72,155.51,105.19,115.29,101.38,164.52,103.61,153.02
30/11/2006,182.04,129.18,115.1,150.97,118.11,114.54,140.49,168.35,142.11,159.11,158.71,107.63,111.88,98.88,164.2,103.74,144.89
31/12/2006,184.74,132.13,115.7,152.24,117.75,119.88,145.57,172.27,145.38,163.61,162.79,110.48,113.88,103.53,169.4,108.04,148.93
31/01/2007,190.36,130.39,112.9,151.53,116.78,119.76,148.57,175.91,147.29,165.51,167.43,109.28,113.54,101.84,177.61,103.55,151.66
28/02/2007,197.09,135.29,117.3,153.11,119.58,122.7,152.57,181.12,151.77,170.65,172.76,113.18,118.5,104.71,181.81,105.45,157.34
31/03/2007,203.59,137.66,114,155.32,120.73,125.26,157.42,191.11,155.7,183.16,180.9,117.02,116.96,105.22,186.24,106.29,168.3
30/04/2007,218.43,140.69,110.8,161.43,120.08,127.61,164.91,208.78,162.54,199.09,194.28,118.77,118.33,107.76,194.87,110.77,174.13
31/05/2007,239.42,145.05,112.5,169.54,124.75,131.7,174.75,232.68,172.23,224.91,211.67,119.16,119.09,111.12,203.59,110.76,194.07
30/06/2007,249.42,148.7,114.8,172.37,123.5,134.3,181.95,245.21,177.47,241.4,228.09,117.73,117.58,112.98,212.8,112.07,189.74
31/07/2007,254.55,151.75,114.9,172.51,124.56,138.82,192.09,249.55,183.27,258.42,232.7,118.45,119.34,113.63,225.54,109.28,200.23
31/08/2007,250.3,153.68,117.5,177.01,124.73,142.17,193.98,246.9,183.69,255.94,232.53,117.53,120.34,117.43,227.24,113.09,211.95
30/09/2007,249.89,156.95,115.6,182.76,126.83,142.23,193.36,243.47,184.34,249.1,230.58,118,121.05,116.98,230.22,114.15,203.92
31/10/2007,249.02,156.8,114.7,182.33,128.72,140.08,190.51,240.95,182.98,245,227.7,114.53,121.42,114.54,225.87,114.66,205.23
30/11/2007,246.48,165.47,113,186.86,130.01,142.47,191.62,239.53,185.07,244.99,225.77,121.87,125.41,119.94,224.92,118.45,210.44
31/12/2007,244.99,170.07,113.8,192.58,130.92,145.72,193.79,241.52,186.78,246.12,228.26,124.14,126.39,120.45,227.18,117.98,216.16
31/01/2008,245.95,167.79,114.2,191.69,134.09,146.3,195.36,242.8,188.05,246.69,228.75,129.83,128.35,121.76,228.58,120.51,229.84
29/02/2008,252.46,176.14,114.7,197.73,140.49,150.11,201.64,249.09,194.07,252.23,233.61,131.81,129.72,122.33,236.84,119.1,229.51
31/03/2008,257.94,182.3,115.4,200.41,142.02,155.62,207.28,256.07,198.94,259.09,238.22,138.37,130.42,128.64,243.53,126.83,245.32
30/04/2008,257.87,179.49,117.4,202.84,144.4,159.71,207.65,259.94,199.33,261.6,240.25,140.78,132.41,128.01,241.5,124.66,250.58
31/05/2008,264.86,187.4,119.6,202.62,147.28,162.71,211.25,260.79,203.31,263.39,243.08,135.52,134.72,132.36,246.41,125.86,254.61
30/06/2008,270.73,188.36,120.6,205.74,149.16,167.02,217.28,266.57,207.5,270.36,248.32,138.71,133.43,140.86,252.32,127.24,264.82
31/07/2008,269.73,190.37,120.6,208.87,149.85,165.05,215.03,265.05,206.72,266.81,247.09,137.18,133.64,136.96,250.12,128.05,266.7
31/08/2008,269.98,191.69,120.6,210.04,149.94,167.58,215.93,265.13,207.51,267.47,247.77,135.91,136.35,140.07,249.44,127.77,272.83
30/09/2008,258.96,194.45,121,210.25,149.41,165.99,209.79,255.33,203.13,259.19,239.74,140.93,133.07,137.42,241.17,120.99,267.71
31/10/2008,229.19,191.99,127,211.22,149.78,151.67,189.97,215.9,189.05,218.09,208.98,145.03,134.41,131.28,219.04,119.62,261.9
30/11/2008,229.46,194.23,128,209.92,159.74,147.38,186.48,211.41,188.84,212.26,203.59,144.49,137.31,128.29,216.39,122.45,253.31
31/12/2008,222.42,188.03,128.5,205.87,153.5,147.32,184.77,206.81,185.63,207.88,198.28,150.07,138.75,127.82,213.14,122.9,265.66
31/01/2009,224.91,189.18,129.4,208.01,152.29,152.56,186.79,209.33,187.24,212.28,202.1,152.84,139.21,131.2,212.39,123.8,271.46
28/02/2009,227.56,191.17,127.9,208.46,157.78,155.39,186.84,212.1,188.62,215.34,204.16,150.52,141.86,134.39,209.14,123.84,268.89
31/03/2009,224.49,189.23,128.5,207.28,158.67,152.46,185.37,209.57,186.94,213.84,201.83,149.35,138.76,135.71,207.28,122.5,271.04
30/04/2009,232.79,193.47,130.8,206.47,168.49,154.68,188.19,215.29,191.64,219.47,208.29,151.43,144.46,135.75,210.3,123.38,276.32
31/05/2009,233.7,192.77,130.3,213.89,168.43,154.93,189.52,216.02,192.66,219.93,209.13,155.56,141.49,136.58,212.57,126.21,274.74
30/06/2009,235.89,189.51,136,207.54,165.62,154.36,190.78,216.21,192.22,222.03,209.72,149.43,139.3,137.13,214.53,128.43,275.49
31/07/2009,238.09,188.63,138.4,205.01,164.14,155.92,192.49,217.57,192.8,225.39,212.32,146.62,138.05,138.07,216.01,128.01,281.62
31/08/2009,240.72,190.14,140.2,201.91,167.53,160.26,194.7,227.53,195.16,237.47,220.24,150.91,142.53,138.56,213.26,124.62,305.86
30/09/2009,246.04,198.45,141.1,205.62,173.54,160.13,196.43,232.06,199.03,244.01,224.92,150.99,148.36,142.07,213.75,123.12,309.63
31/10/2009,252.92,194.74,141.4,203.6,177.97,162.78,199.43,236.41,201.78,247.99,230.07,157.82,146.68,145.43,216.73,125.5,307.18
30/11/2009,255.16,199.51,139.8,206.56,180.11,164.84,200.32,237.33,203.55,248.12,232.05,153.64,150.76,146.29,216.62,127.61,316.23
31/12/2009,259.04,198.56,141.3,206.86,181.33,165.03,206.67,239.36,207.44,255.61,234.54,160.52,150.69,149.33,227.1,127.04,323.9
31/01/2010,267.97,197.77,141.4,208.39,175.84,166.67,211.53,245.84,210.61,263.43,242.09,159.13,150.97,151.74,233.5,127.84,329.55
28/02/2010,280.97,198.98,144.8,206.66,177.83,169,216.1,253.34,215.47,273.22,249.19,156.34,155.69,153.21,237.97,127.93,341.63
31/03/2010,287.64,200.05,146.8,207.54,178.42,176.51,223.98,267.4,220.22,292.62,263.1,156.4,153.17,156.67,243.19,129.55,359.03
30/04/2010,300.86,200.3,150.1,207.8,174.34,177.39,228.16,283.8,223.79,315.12,277.12,150.31,152.69,158.95,241.36,126.84,388.22
31/05/2010,311.92,203.98,151.3,213.47,173.43,179.55,233.43,296.26,228.7,333.86,289.42,151,150.87,160.32,243.82,130.36,396.36
30/06/2010,314.57,202.79,149.1,220.33,171.17,182.74,238.41,304.67,231.61,343.68,296.03,153.63,153.39,162.34,248.65,128.32,416.29
31/07/2010,315.88,201.94,148.6,225.29,178.39,185.42,238.19,300.93,232.5,339.22,295.21,152.34,152.95,162.43,246.77,130.79,439.41
31/08/2010,317.42,206.87,149,232.21,176.69,187.76,242.07,303.58,235.28,345.61,298.24,156.01,151.68,163.4,248.84,128.16,492.93
30/09/2010,321.3,208.8,149.1,232.32,178.76,189.77,244.23,308.12,237.98,356.51,303.71,166.7,153.15,163,248.86,127.31,495.63
31/10/2010,329.58,212.34,161.6,231.95,176.69,195.32,250.35,315.65,242.29,367.79,313.03,167.71,151.15,166.96,251.19,128.23,552.45
30/11/2010,334.29,213.22,158.8,230.64,181.65,200,258.18,329.16,247.14,391.41,326.33,162.42,154.86,167.76,253.9,125.8,618.86
31/12/2010,341.09,223.2,158.3,237.07,186.46,204.97,266.57,336.28,254.26,401.11,333.82,165.04,156.38,173.44,260.76,132.24,676.53
31/01/2011,345.36,225.61,164.3,236.93,183.75,211.69,272.02,346.14,257.64,418.65,346.59,163.82,159.61,176.41,261.69,129.32,703.67
28/02/2011,352.97,236.74,152.5,233.96,187.05,222.23,280.12,357.45,264.4,437.21,359.57,169.76,158.64,179.72,267.22,132.71,707.45
31/03/2011,349.16,238.68,152.8,234.7,187.73,230.05,285.11,359.01,266.79,441.34,362.66,173.63,163.96,183.36,269.91,131.85,754.02
30/04/2011,353.54,244.59,153.8,235.5,191.38,233.9,289.66,358.95,271.03,438.42,363.9,175.23,167.46,184.88,277.91,132.26,777.22
31/05/2011,359.19,248.24,163,236.57,193.35,237.18,294.14,358.92,274.91,438.73,364.83,177.31,168.43,187.3,285.63,135.04,781.98
30/06/2011,360.48,258.92,160,241.51,193.57,244.36,298.18,364.69,278.7,445.4,369.81,177.6,172.04,191.85,288.4,135,778.38
31/07/2011,360.53,259.14,180.2,243.64,195.64,244.14,299.87,359.01,279.69,435.28,365.28,179.19,169.99,195.96,295.93,136.19,772.39
31/08/2011,347.36,258.92,166,244.06,197.12,241.87,291.19,344.54,273.17,415.46,351.63,176.28,166.95,196.24,285.4,136.17,750.81
30/09/2011,333.46,260.26,165.6,250.22,195.62,234.38,281.94,322.66,266.9,386.49,334.36,175.39,169.33,194.17,282.12,136.02,712.7
31/10/2011,322.22,258.84,170.3,249.26,193.34,226.74,272.33,308.03,259.8,363.94,319.92,172.85,165.86,192.27,276.43,135.44,657.86
30/11/2011,311.34,254.92,172.2,250.44,196.18,222.82,266.18,297.96,255.14,351.91,310.28,174.32,168.07,192.8,270.24,132.89,638.78
31/12/2011,304.7,261.79,176.8,248.36,198.32,220.35,262.04,286.33,253.37,334.45,300.35,179.55,168.72,192.72,268.72,134.44,632.01
31/01/2012,307.28,269.01,171.7,252.05,194.59,219.2,263.53,290.3,254.82,340.82,301.86,175.63,165.87,189.75,272.54,132.02,618.56
29/02/2012,312.25,274.65,175.6,248.61,193.86,225.49,265.58,293.66,257.47,344.56,304.98,177.75,169.22,195.39,270.81,134.09,621.56
31/03/2012,311.17,275.76,178.3,244.23,194.95,224.97,263.58,293.55,256.56,344.83,304.56,180.05,168.8,195.15,266.88,131.71,615.12
30/04/2012,309.52,270.55,176.6,248.26,196.81,223.56,262.94,289.92,255.64,338.66,301.53,180.52,168.61,194.5,269.22,129.11,616.58
31/05/2012,300.3,270.93,175.2,246.47,196.98,218.65,256.1,278.28,250.89,321.97,288.87,180.19,168.73,190.49,264.93,129.53,591.39
30/06/2012,291.95,271.59,173.7,248.32,196.17,212.1,247.44,265.12,245.47,306.2,277.16,179.49,167.76,190.22,256.74,126.77,553.38
31/07/2012,290.05,268.49,172.6,249.08,196.66,208.14,242.79,257.69,242.84,297.12,271.05,182.41,167.93,190.06,252.57,126.4,540.15
31/08/2012,284.77,271.21,172.9,242.1,196.52,210.05,244.49,258.78,242.75,297.63,271.25,184.02,167.3,191.95,254.73,124.8,548.73
30/09/2012,289.73,269.66,170.2,250,195.03,210.88,245.54,260.08,244.2,298.99,273.63,184.34,168.41,197.75,255.1,124.21,540.31
31/10/2012,289.46,267.48,169.9,248.88,198.14,208.2,244.66,258.4,243.7,297.67,272.63,185.21,167.74,199.62,255.27,124.02,522.74
30/11/2012,293.5,267.69,167.3,247.47,197.54,208.56,245.23,257.55,244.96,296.77,272.64,189.27,169.58,200.06,257.03,124.08,518.34
31/12/2012,294.17,268.66,175.4,252.17,198.71,211.01,248.83,260.78,247.36,302.22,275.92,191.03,173.18,202.82,260.1,126.04,533.68
31/01/2013,297.44,275.36,168.1,254.9,204.95,215.12,254.23,268.03,252.15,312.66,282.75,193.95,173.87,207.13,265.74,122.85,539.94
28/02/2013,300.88,282.25,169.8,259.67,209.68,219.08,260.37,276.31,257.09,321.58,289.94,199.22,171.55,211.4,273.73,120.6,545.26
31/03/2013,298.35,280.52,172.5,264.45,206.96,220.81,261.03,279.89,256.8,322.67,291.85,196.01,176.27,213.17,274.18,121.51,534.26
30/04/2013,298.08,288.56,169.3,266.26,207.96,220.42,259.69,276.17,257.09,318.57,290.16,195.46,174.55,213.99,272.21,123.18,535.2
31/05/2013,299.52,282.92,164.1,265.72,209.42,219.48,259.35,275.44,256.7,318.48,290.1,197.31,174.04,215.79,271.18,124.14,533.43
30/06/2013,302.7,287.56,167.3,271.22,211.04,218.35,260.22,274.22,258.65,317.23,289.76,199.87,173.92,218.43,273.89,120.19,537.93
31/07/2013,303.23,284.36,172.5,274.57,215.56,219.17,260.74,272.98,258.78,314.29,288.71,198.86,170.17,220.49,274.99,121.34,539.88
31/08/2013,299.2,280.07,162.1,272.76,223.6,219.09,260.18,272.72,258.56,314.37,288.96,202.44,174.8,221.98,273.3,119.4,543.89
30/09/2013,302.52,288.68,160.7,272.85,223.65,215.22,258.71,267.95,259.25,308.49,285.75,202.05,174.67,218.8,274.87,118.59,534.98
31/10/2013,301.98,290.79,167.7,270.79,219.92,213.34,255.56,265.18,257.54,303.95,283.11,206.7,170.82,216.84,272.41,117.13,521.68
30/11/2013,299.35,294.42,163.2,274.02,219.62,210.57,252.29,258.46,256.04,296.76,277.21,208.09,169.33,216.83,269.37,115.93,521.56
31/12/2013,296.94,293.29,169.3,275.53,216.9,209.68,250.57,257.15,254.85,293.09,276.12,209.98,170.26,217.24,266.9,114.75,521.02
31/01/2014,287.35,290.04,169,273.87,218.3,208.55,250.66,254.83,252.32,290.66,274.67,209.04,168.97,215.28,269.82,114.17,515.37
28/02/2014,287.52,288.96,170.4,271.06,214.9,206.4,246.41,252.5,249.76,287.1,270.89,209.15,166.51,213.28,264.05,110.37,505.34
31/03/2014,287.37,291.18,177.9,272.69,215.95,205.39,245.95,249.02,249.98,283.65,267.89,211.04,166.34,212.25,265.21,110.52,504.32
30/04/2014,283.37,285.98,179,271.64,218.72,201.66,243.08,246.58,247.52,280.88,265.38,208.91,166.97,211.33,262.31,108.07,496.5
31/05/2014,283.9,286.08,180.1,270.15,218.14,199.42,239.67,243.13,245.69,274.86,260.57,210.38,163.67,209.69,258.93,106.31,488.55
30/06/2014,282.22,287.26,178,270.19,216.85,196.21,235.36,236.02,243.53,266.18,255.23,211.22,164.81,206.31,255.55,106.03,475.52
31/07/2014,279.93,286.46,177.7,268.19,216.07,196.87,234.79,234.01,242.81,263.19,253.99,214.2,164.6,204.97,255.48,106.87,479.7
31/08/2014,278.31,286.85,179.6,264.34,215.77,198.24,235.48,236.21,242.59,266.63,254.56,213.01,163.61,205.48,252.84,108.26,480.57
30/09/2014,278.58,288.33,179.5,267.86,213.95,199.59,236.64,236.86,243.27,265.25,254.71,212.86,163.29,208.59,254.86,108.98,481.84
31/10/2014,275.28,290.33,180,273.99,213.98,200.4,236.42,237.89,243.33,265.12,255.35,216.18,162.94,207.82,254.84,107,480.67
30/11/2014,275.89,293.92,187.4,275.51,213.88,201.94,237.16,238.58,244.24,264.65,255.54,215.91,161.98,208.31,256.36,106.57,482.19
31/12/2014,273.93,291.05,187.2,271.98,212.95,203.72,238.53,238.5,243.75,266.83,256.4,215.97,160.25,208.39,258.15,105.09,485.44
31/01/2015,279.16,295.69,188.8,276.89,215.94,205.35,238.62,243.06,245.77,271.63,259.61,217.05,159.78,207.6,254.81,103.91,477.25
28/02/2015,280.66,292.63,193.7,269.38,215.54,204.5,237.29,242.11,244.91,269.83,258.51,220.98,159.81,206.52,254.1,100.92,476.07
31/03/2015,281.16,293.3,192,271.07,215.1,203.66,237.45,241.03,245.01,268.17,258.37,220.39,158.26,206.94,256.92,100.49,475.02
30/04/2015,282.6,293.52,198.9,268.59,214.77,205.42,238.59,242,245.48,270.05,260.41,218.2,157.76,208.01,257.17,101.03,474.36
31/05/2015,281.16,295.92,199.9,266.44,215.42,204.24,238.86,241.85,245.85,270.26,260.57,216,160.98,207.38,259.04,100.62,479.29
30/06/2015,287.65,296.43,198,269.87,217.54,206.2,240.92,244.32,248.11,272.04,262.25,218.34,158.84,209.17,262.27,99.07,485.33
31/07/2015,286.17,293.22,199.2,268.22,215.97,205.34,238.2,241.43,245.82,268.47,262.18,214.48,159.03,208.75,257.32,99.16,477.54
31/08/2015,283.91,292.6,204.7,270.06,215.64,205.77,239.27,241.64,245.58,269.13,263.05,215.42,154.66,210.8,258.29,99,484.62
30/09/2015,284.79,296.83,205.3,273.46,216.4,206.4,240.33,241.65,246.97,269.04,263.56,215.54,154.26,211.32,260.99,99.13,488.32
31/10/2015,281.61,303.77,207.2,270.17,216.27,205.77,238.37,240.27,246.47,265.74,261.31,215.61,153.68,209.24,258.47,97.7,490.19
30/11/2015,279.55,297.13,210.3,267.95,214.7,203.41,236.42,236.71,244.55,261.63,258.8,220.05,156.09,207.11,257.49,99.25,490.57
31/12/2015,280.38,294.87,219.1,270.07,214.57,205.05,238.15,238.26,245.22,264.88,260.04,222.3,155.25,207.35,258.39,99.67,499.18
31/01/2016,284.47,296.66,209.1,269.78,217.1,209.23,241.46,240.87,247.8,269.17,263.6,220.69,156.57,211.28,259.89,100.05,506.32
29/02/2016,285.1,299.16,207.2,274.82,219.74,212.43,243.07,243.7,249.3,271.49,266.45,218.64,156.92,213.07,258.51,99.95,517.97
31/03/2016,290.11,303.51,222.6,274.57,219.79,216.5,249.01,250.12,253.59,280.45,272.18,220.81,158.68,218.6,263.45,100.96,535.27
30/04/2016,290.16,302.34,215.8,275.03,218.93,219.96,251.79,252.75,254.78,283.72,275.42,222.36,160.5,221.08,265.53,99.51,546.91
31/05/2016,294.2,304.79,218.1,278.21,219.77,218.55,251.31,254.31,255.79,285.01,277.31,224.53,159.3,220.38,265.23,97.97,544.2
30/06/2016,307.14,320.63,226.9,281.51,223.97,224.62,258.73,259.71,264.35,292.16,283.31,228.68,160.82,226.88,271.73,100.92,579.76
31/07/2016,319.38,330.57,234.4,289.56,228.51,232.54,268.67,269.07,273.3,307.8,295.97,232.62,164.72,236.19,279.67,103.42,597.63
31/08/2016,335.05,340.41,228.8,293.79,231.67,239.47,276.76,276.83,281.62,317.38,304.4,236.85,167.06,241.4,289.35,104.22,621.55
30/09/2016,336.82,345.03,233.6,302.52,235.18,243,280.29,281.23,285.3,321.17,309.13,244.19,169.03,244.41,291.72,104.42,641.47
31/10/2016,343.94,353.11,239.4,313.57,247.12,252.04,289.22,291.36,293.6,332.32,319.13,252.55,171.68,250.88,300.26,107.99,658.78
30/11/2016,348.12,361.94,240.7,326.06,244.64,253.16,290.16,296.19,296.6,334.88,322.79,259.96,170.7,247.66,302.43,105.61,669.03
31/12/2016,350.16,371.4,243.4,323.12,244.11,253.72,293.15,297.33,299.8,335.61,323.35,259.13,173.92,251.22,309.19,106.05,677.09
31/01/2017,347.08,372.05,247.6,329.73,250.88,256.02,294.65,301.08,301.24,338.91,325.87,261.76,176.36,253.09,308.61,106.6,676.61
28/02/2017,350.02,376.81,247.8,335.66,250.17,257.78,295.93,302.26,303.15,339.4,327.5,261.4,176.72,256.39,308.73,106.9,679.85
31/03/2017,351.16,381.78,253.2,341.1,255.65,260.38,299.38,304.3,306.67,343.36,330.61,262.5,180.79,258.79,311.52,109.48,696.59
30/04/2017,352.32,381.05,251.9,342.72,257.03,259.75,298.77,302.69,306.81,341.39,329.28,263.14,182.17,257.49,312.68,108.54,696.13
31/05/2017,352.79,390.95,252,344.47,259.9,262.35,302.36,303.94,310.57,344.68,330.9,265.75,183.39,260.05,315.84,110.6,718.58
30/06/2017,357.96,396.44,264.8,343.69,259.09,264.9,305.09,307.1,313.89,345.63,332.73,273.56,185.05,264.44,318.3,111.73,730.37
31/07/2017,365.17,398.01,267.6,347.19,262.86,266.63,307.92,307.22,316.82,345.91,333.96,273.56,184.15,265.91,323.43,113.43,747.46
31/08/2017,368.85,411.38,266.7,349.09,267.84,269.79,311.31,308.67,321.64,350.5,337.32,275.19,184.64,270.11,324.8,114.76,758.36
30/09/2017,365.86,412.49,267.1,350.99,270.57,268.51,309.72,308.03,321.2,349.64,336.26,281.49,183.09,268.19,321.82,113.09,768.14
31/10/2017,368.69,422.82,266.5,357.56,271.47,269,311.11,308.93,324.47,350.77,337.91,286.01,183.34,268.46,323.77,113.77,776.92
30/11/2017,373.67,460.07,268.9,354.98,276.34,271.45,314.75,312.96,333.54,353.93,341.13,292.2,183.35,268.78,330.29,113.19,796.43
31/12/2017,369.24,442.73,266.3,357.31,273.2,272.38,316.03,312.69,330.34,353.54,341.28,291.86,183.41,269.81,331.21,113.33,817.03
31/01/2018,378.42,437.64,267.9,361.91,269.2,273.23,317.19,312.47,330.99,354.6,341.57,289.12,183.89,269.51,333.47,112.79,824.66
28/02/2018,379.18,454.48,278.3,362.03,277.58,273.44,317.01,312.16,334.75,354.21,341.22,290.93,184.37,269.83,333.15,110.57,827.99
31/03/2018,377.98,461.6,286.4,360.48,268.51,273.19,316.59,310.69,334.42,352,340.18,288.97,185.22,268.86,333.04,108.46,843.99
30/04/2018,377.54,473.56,280.6,361.43,268.93,274.31,318,311.66,337.04,353.31,341.02,288.75,187.1,268.31,334.44,110.03,851.22
31/05/2018,390.49,481.04,295.7,366.59,267.03,275.45,319.66,313.07,340.95,354.46,341.91,290.3,187.89,270.55,336.8,110.51,855.36
30/06/2018,397.26,490.31,305.2,372.73,270.89,278.41,322.54,316.62,345.61,358.03,346.28,294.03,189.72,271.17,339.58,109.32,873.32
31/07/2018,395.74,507.87,310,376.57,276.58,270.72,320.57,314.47,348.05,358.04,345.96,293.91,189.78,260.27,339.1,112.03,887.62
31/08/2018,400.88,511.78,311.1,380.51,270.89,271.02,321.63,315.98,350.73,360.09,347.54,298.2,190.78,259.97,340.97,111.19,893.23
30/09/2018,408.93,548.67,303.1,392.18,286.96,272.68,324.76,316.25,360.49,359.45,349.29,301.43,192.68,262.23,348.89,114.23,895.85
31/10/2018,401.51,555.89,312.4,387.95,285.03,270.39,320.86,313.94,358.15,355.56,346.68,299.52,189.68,258.45,344.93,109.15,888.28
30/11/2018,402.67,599.99,321.8,386.12,280.83,268.49,318.81,313.37,364.18,351.8,343.39,298.77,193.69,256.26,342.99,110.14,889.49
31/12/2018,399.85,597.07,322.1,385.17,283.23,269.48,318,312.05,363.34,350.19,343.03,296.85,196.17,255.83,341.65,109.71,884.51
31/01/2019,394.38,594.72,317,385.51,284.55,267.78,318.22,311.98,362.22,350.61,343.1,297.02,194.2,255.99,343.67,112.03,880.61
28/02/2019,394.95,576.43,318.8,384.91,284.15,266.63,316.9,309.76,358.4,348.14,341.07,293.44,192.15,256.07,341.72,111.18,877.95
31/03/2019,386.22,563.25,290.7,389.25,287.13,267.46,315.03,309.03,354.27,347.62,339.84,289.58,190.03,255.47,336.95,108.16,869.89
30/04/2019,382.81,557.64,295.2,385.02,286.71,268.2,314.73,308.53,353.12,347.11,339.24,294.7,192.96,255.55,334.88,108.07,873.27
31/05/2019,384.68,557.3,292.6,381.25,287.97,268.67,315.04,308.01,353.48,346.05,339.88,292.84,193.81,256.8,333.85,108.21,882.71
30/06/2019,387.85,559.87,297.5,386.59,290.03,270.81,317.36,309.22,355.92,347.3,341.42,291.13,196.95,258.41,337.56,111.86,886.95
31/07/2019,390.74,565.76,315.1,389.63,291.09,272.03,317.8,310.07,357.68,348.75,342.05,288.27,198.52,260.4,337.95,110.43,882.02
31/08/2019,396.91,568.96,309,392.36,297.32,272,317.05,312.37,359.71,349.69,342.84,294.86,196.07,259.16,336.08,109.29,884.82
30/09/2019,393.18,583.29,308.8,394.77,297.83,271.35,315.5,311.35,360.88,348.62,342.36,295.31,195.28,257.1,333.13,109.18,884.07
31/10/2019,384.91,570.29,308.3,402.11,297.63,267.06,313.38,308.37,356.62,343.08,339.09,294.62,192.54,254.57,332.18,107.95,874.94
30/11/2019,374.5,553.56,302.7,393.47,296.18,263.1,310.14,304.42,350.4,337.65,335.38,291.14,191.73,249.86,328.42,106.46,865.03
31/12/2019,374.11,544.75,302,393.85,296.54,260.89,308.58,302.56,348.13,335.06,332.87,289.74,190.07,247.65,326.09,107.2,861.84
31/01/2020,374.41,538.06,300.2,394.49,298.81,259.52,307.11,301.88,346.07,334.04,330.87,286.93,188.14,245.74,324.9,106.03,850.2
29/02/2020,368.44,530.95,297.9,393.01,298.2,258.11,305.59,302.56,343.39,328.35,328.75,285.2,189.3,245.77,322.73,105.03,834.19
31/03/2020,360.95,522.98,298.1,386.42,298.28,254.65,300.14,299.36,338.76,321.29,323.33,283.74,188.59,240.08,309.67,105.97,827.32
30/04/2020,360.46,519.33,294.3,391.48,295.73,254.64,300.41,298.46,337.41,323.93,324.12,279.6,188.48,239.56,311.67,106.05,821.59
31/05/2020,367.07,523.75,300.5,393.44,301.07,258.08,304.9,296.25,342.08,329.62,328.45,284.74,191.01,243.97,315.97,106.71,831.09
30/06/2020,372.78,525.77,299.2,402.31,301.42,261.89,309.81,299.65,344.82,333.43,329.79,282.19,192.55,248.12,321.64,109.07,846.77
31/07/2020,374.39,532.68,301.4,407.06,303.57,262.49,312.85,302.15,348.31,336.4,331.53,285.91,193.32,250.86,327.08,109.56,855.32
31/08/2020,375.04,530.65,301.5,411.9,303.2,262.76,313.12,306.06,348.05,338.04,330.59,285.03,193.18,251.34,325.96,111.32,860.34
30/09/2020,382.97,534.35,294.5,420.65,310.45,265.85,316.36,310.39,351.46,339.37,341.13,282.58,195.32,254.84,327.07,109,873.39
31/10/2020,386.1,532.16,295.3,417.11,308.98,267.43,318.72,313.99,352.47,344.17,345.43,285.22,196.34,256.14,328.49,109.41,880.27
30/11/2020,384.12,535.87,297.5,422.83,314.98,269.2,320.18,316.63,353.7,345.98,348.3,280.91,198.01,256.58,330.95,108.72,876.06
31/12/2020,386,540.01,301,424.51,322.53,270.64,320.75,318.99,356.46,346.98,349.93,285.21,199.51,257.16,330.29,109.46,875.56
31/01/2021,388.05,550.15,298.6,429.04,320.88,272.72,322.2,320.88,359.22,347.08,351.74,285.74,202.01,257.47,333.66,108.7,879.47
28/02/2021,390.58,558.44,298.4,435.35,318.74,273.05,322.87,322.67,361.45,348.33,352.49,286.84,204.01,256.09,336.07,108.07,878.26
31/03/2021,393.29,564.06,300.9,435.31,326.26,277.33,326.46,327.91,365.06,354.39,357.85,286.42,207.34,258.73,337.55,108.82,885.66
30/04/2021,397.69,573.48,306.1,436.24,329.19,279.4,329.66,332.86,369.96,358.96,361.85,294.65,208.21,263.06,339.45,108.87,896.59
31/05/2021,401.42,575.77,317.3,445.48,328.85,280.37,331.01,335.25,372.78,360.43,363.24,303.67,208.3,264.4,341.2,109.22,897.14
30/06/2021,402.62,583.2,315.1,448.15,333.02,283.35,334.38,337.8,375.97,363.04,364.12,301.67,211.69,265.92,345.49,112.52,905.65
31/07/2021,409.03,592.93,322.4,460.59,334.79,284.51,336.95,346.57,380.88,374.01,367.85,308.05,213.67,267.52,343.44,113.45,917.24
31/08/2021,412.46,597.01,332.8,467.25,340.05,288.55,341.99,350.93,385.78,377.82,372.03,315.85,214.52,271.13,350.17,114.22,934.36
30/09/2021,416.3,636.3,341.6,488.42,347,290.7,346.2,364.44,396.9,387.21,377.62,319.5,219.4,271.9,354,114,946.1
31/10/2021,417.4,661.3,350.72,525.4,354.5,291.9,347.2,372.44,405.4,387.46,380.64,328.9,223.6,270.8,357.4,115.2,946.6
30/11/2021,426.79,686.8,359.06,567.92,359.67,294,350.4,382.59,415.31,390.49,383.87,339.47,224.43,270.9,362.3,115.3,960.2
31/12/2021,433.03,707.49,372.17,600.64,367.28,296.24,354.33,392.52,424.46,393.02,389,349.11,228.28,272.65,369.8,118.5,961.36
31/01/2022,438.09,752.41,394.01,634.01,374.69,300.24,357.81,399.84,439.25,395.49,394,368.54,233.92,273.29,374.71,120.81,968.73
28/02/2022,442.27,779.76,394.24,641.18,382.03,301.55,360.47,401.41,446.23,399.42,397.94,365.38,235.79,276.43,377.35,122.97,966.63
31/03/2022,442.51,810.96,397.97,658.01,384.36,304.31,363.9,404.02,455.22,402.98,401.89,372.87,239.86,278.5,381.4,124.16,978.2
30/04/2022,449.51,839.05,397.08,656.98,381.71,305.91,365.48,406.82,460.95,404.43,404.59,371.34,239.83,278.56,384.2,124.04,979.92
31/05/2022,457.66,865.24,399.98,665.5,382.44,307.5,367.69,409.69,468.12,405.24,406.93,372.52,245.32,278.45,390.57,122.94,978.57
30/06/2022,454.35,876.55,404.07,675.82,386.23,308.91,368.22,412.53,471.65,406.3,408.69,377.22,248.33,280.76,388.65,124.4,976.85
31/07/2022,452.36,886.9,402,696.85,387.55,308.92,368.68,411.23,473.58,402.78,408.3,374.37,245.59,280.43,393.4,121.82,980.24
31/08/2022,452.12,886.54,394.58,711.37,391.11,308.9,371.57,416.61,474.16,405.95,409.42,366.27,245.68,280.68,401.22,123.17,977.8
30/09/2022,466.03,902.75,407.64,734.44,400.52,314.22,377.4,424.35,484.28,411.6,415.42,376.97,252.35,283.07,408.57,124.84,991.38
31/10/2022,470.69,909.38,402.69,749.63,401.1,312.91,375.94,422.06,484.99,408.63,414.27,372.95,248.73,282.65,406.44,124.96,996.74
30/11/2022,470.28,901.49,395.76,730.56,403.3,313.85,375.83,420.51,482.15,404.29,413.97,367.85,244.25,283.28,409.43,126.49,980.71
31/12/2022,469.63,896.11,391.66,713.17,400.99,314.81,376.21,419.64,480.12,402.29,411.16,366.57,241.15,286.09,410.4,127.18,973.48